{
    "mae": 9576.370782459586,
    "psnr": 27.58069452856627,
    "ssim": 0.7711619734764099,
    "pixel_accuracy": 64.02503119574652,
    "experiment_name": "baseline",
    "checkpoint": "checkpoints/baseline/best_model.pth",
    "timestamp": "2026-01-29 14:04:39",
    "config": {
        "L1_WEIGHT": 1.0,
        "PERCEPTUAL_WEIGHT": 0.01,
        "MULTISCALE_WEIGHT": 0.0,
        "LEARNING_RATE": 0.0001,
        "BATCH_SIZE": 4
    }
}