{
    "mae": 12255.683433657787,
    "psnr": 26.196576964410795,
    "ssim": 0.6813568472862244,
    "pixel_accuracy": 51.15232762960354,
    "experiment_name": "multiscale",
    "checkpoint": "checkpoints/exp_multiscale/best_model.pth",
    "timestamp": "2026-01-29 14:05:09",
    "config": {
        "L1_WEIGHT": 1.0,
        "PERCEPTUAL_WEIGHT": 0.01,
        "MULTISCALE_WEIGHT": 0.5,
        "LEARNING_RATE": 0.0001,
        "BATCH_SIZE": 4
    }
}